Thu Thuy,1,9:35 PM,Sat 18 May 2022,start
Thu Thuy,1,9:35 PM,Sat 18 May 2021,end
Thu Thuy,1,9:35 PM,Sat 18 May 2022,start
Thu Thuy,1,9:35 PM,Sat 18 May 2022,end
Bots,2,9:35 PM,Sat 18 May 2022,start
Bots,2,9:35 PM,Sat 18 May 2022,end
Bots,2,9:36 PM,Sat 18 May 2022,start
Bots,2,9:36 PM,Sat 18 May 2022,end
Nguyen Mai,3,9:45 PM,Sat 18 May 2022,start
None, None,9:45 PM,Sat 18 May 2022,end
None, None,9:54 PM,Sat 18 May 2022,start
None, None,9:54 PM,Sat 18 May 2022,end
thuy,2,10:09 PM,Sat 18 May 2022,start
thuy,2,10:09 PM,Sat 18 May 2022,end
thuy,2,10:17 PM,Sat 18 May 2022,start
thuy,2,10:17 PM,Sat 18 May 2022,end
Thu Thuy,2,3:31 PM,Sat 25 May 2022,start
Thu Thuy,2,3:31 PM,Sat 25 May 2022,end
Thu Thuy,2,3:48 PM,Sat 25 May 2022,start
Thu Thuy,2,3:49 PM,Sat 25 May 2022,end
Thu Thuy,8,9:01 PM,Sat 25 May 2022,start
Thu Thuy,8,9:01 PM,Sat 25 May 2022,end
,,,,
,,,,

None, None,08:52 PM,Mon 27 May 2022,start
None, None,08:52 PM,Mon 27 May  2022,end
Bo cua dang cap,10,08:12 PM,Wed 29 May 2022,start
Bo cua dang cap,10,08:13 PM,Wed 29 May 2022,end
Thu Thuy,10,11:30 PM,Fri 01 June 2022,start
None, None,02:41 PM,Sat 01 June 2022,start
None, None,02:48 PM,Sat 02 June 2022,end
None, None,02:49 PM,Sat 02 June 2022,start
None, None,02:53 PM,Sat 02 June 2022,end
Thu Thuy,10,10:54 PM,Sat 02 June 2022,start
None,None,10:59 PM,Sat 02 June 2022,start
None,None,10:13 AM,Mon 04 June 2022,start
Thu Thuy,10,09:56 AM,Sat 23 June 2022,start
None, None,09:57 AM,Sat 23 June 2022,end
hoang thai,10,09:57 AM,Sat 23 June 2022,end

